id,review_text,sentiment,source,quality_score,text_length,word_count
1,"Such a refreshing take on the genre. Original, clever, and deeply satisfying.",positive,csv_kaggle_imdb,65,77,12
2,The characters are one-dimensional and impossible to care about.,negative,csv_kaggle_imdb,50,64,9
3,The acting was wooden and the dialogue was cringe-worthy. Very poor effort.,negative,csv_kaggle_imdb,60,75,12
4,The director clearly had no vision for this project. A chaotic mess.,negative,csv_kaggle_imdb,60,68,12
5,The chemistry between the leads is electric. A romance done right.,positive,csv_kaggle_imdb,60,66,11
6,Painfully unfunny comedy that mistakes shouting for humor.,negative,csv_kaggle_imdb,50,58,8
7,I could not even finish watching this movie. So boring and predictable.,negative,csv_kaggle_imdb,60,71,12
8,Terrible film. A complete waste of time and money. The plot made no sense.,negative,csv_kaggle_imdb,65,74,14
9,Overrated and overhyped. Nothing special about this film at all.,negative,csv_kaggle_imdb,60,64,10
10,"Everything about this movie works. The writing, acting, direction - all top notch.",positive,csv_kaggle_imdb,65,82,13
11,The acting in this movie is phenomenal. Oscar-worthy performances all around.,positive,csv_kaggle_imdb,60,77,11
12,Loved every minute of it. The character development was outstanding and the ending was perfect.,positive,csv_kaggle_imdb,60,95,15
13,I wanted to like this movie but it was just bad. Poor writing throughout.,negative,csv_kaggle_imdb,60,73,14
14,The best movie of the year without a doubt. Stunning visuals and a powerful message.,positive,csv_kaggle_imdb,60,84,15
15,The director did an amazing job bringing this story to life. Every scene was perfectly crafted.,positive,csv_kaggle_imdb,60,95,16
16,Brilliant performances by the entire cast. The script was witty and intelligent.,positive,csv_kaggle_imdb,60,80,12
17,This movie is an insult to the audience is intelligence. Lazy filmmaking.,negative,csv_kaggle_imdb,60,73,12
18,Every cliche in the book packed into one unbearable movie.,negative,csv_kaggle_imdb,55,58,10
19,This is what cinema is all about. Pure magic on screen.,positive,csv_kaggle_imdb,60,55,11
20,I was blown away by this film. It exceeded all my expectations.,positive,csv_kaggle_imdb,60,63,12
21,A gripping thriller that keeps you guessing until the very end. Masterfully directed.,positive,csv_kaggle_imdb,60,85,13
22,Perfect casting and flawless execution. A triumph of filmmaking.,positive,csv_kaggle_imdb,55,64,9
23,Such a letdown after all the hype. Generic and forgettable.,negative,csv_kaggle_imdb,60,59,10
24,I fell asleep halfway through. That is how uninteresting this movie was.,negative,csv_kaggle_imdb,60,72,12
25,This movie was absolutely fantastic! The acting was superb and the storyline kept me engaged throughout.,positive,csv_kaggle_imdb,65,104,16
26,Nothing redeeming about this film. Save your money and watch something else.,negative,csv_kaggle_imdb,60,76,12
27,"The worst movie I have seen this year. Bad acting, bad script, bad everything.",negative,csv_kaggle_imdb,65,78,14
28,The plot holes in this movie are enormous. Did anyone proofread the script?,negative,csv_kaggle_imdb,65,75,13
29,A truly moving experience. This film will stay with me for a long time.,positive,csv_kaggle_imdb,60,71,14
30,Two hours of my life I will never get back. Avoid at all costs.,negative,csv_kaggle_imdb,60,63,14
31,A beautiful and heartwarming film that the whole family can enjoy.,positive,csv_kaggle_imdb,55,66,11
32,The special effects were terrible and the story was nonsensical.,negative,csv_kaggle_imdb,55,64,10
33,A masterpiece of modern cinema. Beautiful cinematography and an incredible soundtrack.,positive,csv_kaggle_imdb,60,86,11
34,"The soundtrack alone makes this worth watching. Combined with great acting, it is unmissable.",positive,csv_kaggle_imdb,65,93,14
35,One of the best films I have seen in years. Highly recommended for anyone who loves drama.,positive,csv_kaggle_imdb,60,90,17
36,I have seen better acting in school plays. How did this get funded?,negative,csv_kaggle_imdb,65,67,13
37,Poorly directed with no sense of pacing. Scenes drag on forever.,negative,csv_kaggle_imdb,60,64,11
38,An instant classic. This movie will be remembered for decades.,positive,csv_kaggle_imdb,60,62,10
39,Trying too hard to be clever and failing miserably. Pretentious garbage.,negative,csv_kaggle_imdb,60,72,11
40,Incredible storytelling with perfect pacing. Not a single dull moment.,positive,csv_kaggle_imdb,60,70,10
41,Visually stunning and emotionally powerful. A film that demands to be seen on the big screen.,positive,csv_kaggle_imdb,60,93,16
42,A sequel nobody asked for and nobody enjoyed. Pure cash grab.,negative,csv_kaggle_imdb,60,61,11
43,A feel-good movie that actually delivers. Left the theater with a huge smile.,positive,csv_kaggle_imdb,60,77,13
44,"An absolute delight from start to finish. Fun, entertaining, and thought-provoking.",positive,csv_kaggle_imdb,65,83,11
45,"I laughed, I cried, I was on the edge of my seat. What a rollercoaster of emotions!",positive,csv_kaggle_imdb,70,83,17
46,What a disappointment. The trailer was better than the actual film.,negative,csv_kaggle_imdb,60,67,11
47,Tim Robbins and Morgan Freeman deliver career-defining performances. The story of hope and perseverance transcends the prison setting to deliver something truly universal. Every scene is crafted with care and the payoff is magnificent.,positive,scraping_imdb,75,235,34
48,Heath Ledger is Joker is absolutely terrifying and mesmerizing at the same time. Nolan crafted a superhero film that doubles as a crime thriller. The interrogation scene alone is worth the price of admission.,positive,scraping_imdb,75,208,34
49,The concept is mind-blowing but the execution is even better. Multiple layers of dreams within dreams and somehow Nolan keeps it all coherent. Hans Zimmer is score elevates everything.,positive,scraping_imdb,75,184,29
50,Tarantino is dialogue is unmatched. The nonlinear storytelling keeps you engaged and the characters are unforgettable. The diner scene and the dance scene at Jack Rabbit Slim is are iconic.,positive,scraping_imdb,75,189,30
51,I was very disappointed by this film. The pacing is incredibly slow and nothing really happens for the first hour. The special effects look dated and the acting is wooden.,negative,scraping_imdb,75,171,30
52,Tom Hanks gives the performance of a lifetime. The way the film weaves historical events into Forrest is journey is both clever and moving. The feather motif is beautiful symbolism.,positive,scraping_imdb,75,181,30
53,This movie glorifies violence and toxic masculinity. The twist ending does not justify two hours of nihilistic destruction. I found it deeply unpleasant to watch.,negative,scraping_imdb,75,162,25
54,Marlon Brando is opening scene sets the tone for what is arguably the greatest film ever made. The attention to detail in recreating 1940s New York is extraordinary.,positive,scraping_imdb,70,165,28
55,Nolan is most ambitious film and it mostly delivers. The docking scene is one of the most intense sequences in cinema history. McConaughey is emotional range is impressive.,positive,scraping_imdb,75,172,28
56,A predictable and formulaic blockbuster. The characters have no depth and the plot is just an excuse to string together CGI action sequences. The humor falls flat.,negative,scraping_imdb,75,163,27
57,Brad Pitt and Edward Norton have incredible chemistry. The social commentary about consumerism and identity feels even more relevant today than when it was released.,positive,scraping_imdb,70,165,25
58,Leonardo DiCaprio and Kate Winslet have zero chemistry. The dialogue is cringe-worthy and the love story is utterly unconvincing. Overrated in every possible way.,negative,scraping_imdb,75,162,24
59,An absolute joy from start to finish. The way Tarantino plays with chronology keeps you guessing and every character feels fully realized. A film that rewards multiple viewings.,positive,scraping_imdb,75,177,28
